SKU,Name,Count
4744215511673,Fantastic Silk Pants,83
5389160043450,Intelligent Leather Hat,55
6101141276508,Awesome Aluminum Gloves,45
3038997876343,Heavy Duty Leather Lamp,47
5384624762847,Small Rubber Bag,61
6745496995761,Gorgeous Iron Hat,37
9813045082181,Rustic Bronze Coat,89
8137701244999,Durable Wool Car,79
4319439019153,Incredible Bronze Lamp,45
4027329362462,Sleek Leather Chair,20
9725914196922,Mediocre Granite Computer,90
8503297995841,Aerodynamic Bronze Gloves,85
2918654841567,Heavy Duty Wool Keyboard,83
7031464524248,Intelligent Linen Bottle,48
7005431307233,Intelligent Cotton Bottle,47
4434774062548,Ergonomic Linen Plate,62
7859432360472,Incredible Bronze Gloves,90
6533016159447,Small Plastic Lamp,86
6394792523231,Gorgeous Bronze Knife,50
2837369445863,Mediocre Paper Shoes,47
2045244658899,Ergonomic Copper Hat,24
5721077979895,Enormous Leather Car,88
1368898429082,Ergonomic Rubber Gloves,71
1136251999011,Durable Iron Keyboard,58
2310858627471,Durable Bronze Table,67
7815993636708,Lightweight Cotton Clock,42
2526512561344,Rustic Plastic Hat,11
7432341229339,Gorgeous Paper Clock,58
7028801628790,Mediocre Marble Hat,94
6333634184438,Small Leather Shirt,71
5965341992450,Enormous Marble Knife,20
5204854250399,Gorgeous Aluminum Keyboard,10
1472720519732,Rustic Leather Bench,70
1932308710970,Intelligent Rubber Chair,85
1455525676534,Intelligent Linen Wallet,90
9706644392648,Fantastic Aluminum Shoes,84
6556735724109,Sleek Leather Bottle,68
4905193300608,Rustic Plastic Watch,56
8443464457003,Practical Wooden Keyboard,1
4507077042705,Synergistic Cotton Table,37
1901092816885,Intelligent Cotton Keyboard,66
1555700537459,Aerodynamic Paper Car,28
8505443937521,Intelligent Wool Bottle,62
5791632942213,Ergonomic Wool Gloves,58
9145211085765,Mediocre Rubber Knife,23
9829650231876,Lightweight Wooden Keyboard,43
1395393046179,Rustic Linen Pants,36
6669025551740,Synergistic Cotton Coat,53
8520693132915,Synergistic Wool Pants,55
2961929038681,Incredible Wooden Gloves,2
7922847949706,Durable Wool Gloves,84
7376623097448,Practical Bronze Pants,66
4145665307067,Heavy Duty Linen Bottle,91
7957808747275,Incredible Copper Shirt,18
1702698003743,Gorgeous Wooden Bottle,43
212321,Kucing Kampus,10
213213,Edifier Speaker Baru Sekali,21
